iter	RMSE
0	1.149194023
50	0.9890372958
100	0.9326778395
150	0.9002761407
200	0.8743951835
250	0.8523488139
